category_id,name,site_link,updated_date,permalink
T72GFAVONR3B5SDDUP4WOPE4,Acavallo,https://www.mags-tack.com/shop/acavallo/T72GFAVONR3B5SDDUP4WOPE4,2026-07-07T13:56:49+00:00,
YMHMCK6NKOOT6U4SJNSWXMXR,Accessories,https://www.mags-tack.com/shop/accessories/YMHMCK6NKOOT6U4SJNSWXMXR,2026-07-08T01:24:51+00:00,
QE3ILTJIFAXZYBLRWLLMFH4G,Back On Track,https://www.mags-tack.com/shop/back-on-track/QE3ILTJIFAXZYBLRWLLMFH4G,2026-07-07T13:56:49+00:00,
7XDM2EXLL4AVOZEVL57INQS3,Backpacks,https://www.mags-tack.com/shop/backpacks/7XDM2EXLL4AVOZEVL57INQS3,2026-07-07T13:56:06+00:00,
YZUSRHQDGSEQB7SYQGMQXQKA,Bags & Luggage,https://www.mags-tack.com/shop/bags-luggage/YZUSRHQDGSEQB7SYQGMQXQKA,2026-07-08T01:23:39+00:00,
CCKWD237LJCAWSCDUVN23D7X,Base Layers,https://www.mags-tack.com/shop/base-layers/CCKWD237LJCAWSCDUVN23D7X,2026-07-07T13:56:06+00:00,
A4QCMSLY6TBAVGFEXKEUCATT,Bell Boots,https://www.mags-tack.com/shop/bell-boots/A4QCMSLY6TBAVGFEXKEUCATT,2026-05-16T01:00:32+00:00,
UDLRF6XKQYJX4J3YVHEZI5RM,Bell Boots,https://www.mags-tack.com/shop/bell-boots/UDLRF6XKQYJX4J3YVHEZI5RM,2026-07-07T13:03:03+00:00,
CEMN3YSNW7B2J3ZMPXRXARRT,Belts,https://www.mags-tack.com/shop/belts/CEMN3YSNW7B2J3ZMPXRXARRT,2026-07-07T13:56:06+00:00,
MENY2LWSY5B24HD4BFM4APLU,Bit,https://www.mags-tack.com/shop/bit/MENY2LWSY5B24HD4BFM4APLU,2026-05-16T01:00:32+00:00,
YGRE4U5JKV4GIQSSWK4KCKKT,Bit Accessories,https://www.mags-tack.com/shop/bit-accessories/YGRE4U5JKV4GIQSSWK4KCKKT,2026-05-16T01:00:32+00:00,
U6CJOUZKFU3VSJWOVTAQ7LS4,Bits,https://www.mags-tack.com/shop/bits/U6CJOUZKFU3VSJWOVTAQ7LS4,2026-07-07T13:03:03+00:00,
OCSFPUQGI53GN5MP3QUWDM4P,Blankets & Sheets,https://www.mags-tack.com/shop/blankets-sheets/OCSFPUQGI53GN5MP3QUWDM4P,2026-07-08T01:15:53+00:00,
OKBCT7NNUSPYD2RBP4TG2V56,Books,https://www.mags-tack.com/shop/books/OKBCT7NNUSPYD2RBP4TG2V56,2026-06-29T17:58:50+00:00,
ZA5IK3OT33IEAX4BSVS4CGZO,Boot & Hat Bags,https://www.mags-tack.com/shop/boot-hat-bags/ZA5IK3OT33IEAX4BSVS4CGZO,2026-07-07T13:56:06+00:00,
63KKS46CULK7DE3YVPKOBBC4,Boots,https://www.mags-tack.com/shop/boots/63KKS46CULK7DE3YVPKOBBC4,2026-07-07T13:56:06+00:00,
X7DAEGDFSNPNYGV5CHK5HZCK,Boots & Wraps,https://www.mags-tack.com/shop/boots-wraps/X7DAEGDFSNPNYGV5CHK5HZCK,2026-07-08T01:19:22+00:00,
GYYQ7RWXTD7ARHSTNPJ6E3CO,Braiding,https://www.mags-tack.com/shop/braiding/GYYQ7RWXTD7ARHSTNPJ6E3CO,2026-07-07T13:03:03+00:00,
POSYRGK5AL2LBW3B75ZYZP3V,Brands,https://www.mags-tack.com/shop/brands/POSYRGK5AL2LBW3B75ZYZP3V,2026-07-07T13:56:49+00:00,
5IEQFAVB5YPTUMQUZS3QW6TP,Breastplates,https://www.mags-tack.com/shop/breastplates/5IEQFAVB5YPTUMQUZS3QW6TP,2026-05-16T01:00:32+00:00,
QILGPGVSHPFUITVCYZBA53SV,Breeches,https://www.mags-tack.com/shop/breeches/QILGPGVSHPFUITVCYZBA53SV,2026-07-07T13:56:06+00:00,
ISDJ26ILQILKJUYEG4B6JY22,Breeches,https://www.mags-tack.com/shop/breeches/ISDJ26ILQILKJUYEG4B6JY22,2026-07-07T13:56:06+00:00,
XRMC6QV7NQP7PXCCDPADBTGM,Breeches,https://www.mags-tack.com/shop/breeches/XRMC6QV7NQP7PXCCDPADBTGM,2026-07-07T13:56:06+00:00,
ZP3L4A3RJ6MA422J2M56UBXJ,Bridle Accessories,https://www.mags-tack.com/shop/bridle-accessories/ZP3L4A3RJ6MA422J2M56UBXJ,2026-05-16T01:00:32+00:00,
2GUDIB7FG752TDV6EONDQR55,Bridle Bags,https://www.mags-tack.com/shop/bridle-bags/2GUDIB7FG752TDV6EONDQR55,2026-07-07T13:56:06+00:00,
5SF67LR3UHCBL7R4JN3LHYQQ,Bridleberry,https://www.mags-tack.com/shop/bridleberry/5SF67LR3UHCBL7R4JN3LHYQQ,2026-07-07T13:56:49+00:00,
KT3RI2D5GAHWLWH2HCQFUDQF,Bridles,https://www.mags-tack.com/shop/bridles/KT3RI2D5GAHWLWH2HCQFUDQF,2026-05-16T01:00:32+00:00,
7RMNGTBVAPEKS2WFH4RAF3ZV,Bridles,https://www.mags-tack.com/shop/bridles/7RMNGTBVAPEKS2WFH4RAF3ZV,2026-07-07T13:03:03+00:00,
IPQY4XCMJVLNM5V5DZEBBPQW,Browbands,https://www.mags-tack.com/shop/browbands/IPQY4XCMJVLNM5V5DZEBBPQW,2026-05-16T01:00:32+00:00,
5KI2HHGGIUQTPLYQTSCDFFFS,Browbands,https://www.mags-tack.com/shop/browbands/5KI2HHGGIUQTPLYQTSCDFFFS,2026-07-07T13:03:03+00:00,
IL5J2GR3OHLKL65TY2C67H6F,Brushes,https://www.mags-tack.com/shop/brushes/IL5J2GR3OHLKL65TY2C67H6F,2026-07-07T13:03:03+00:00,
OM2UGBTZC364I2BQ27LATT7R,Casual,https://www.mags-tack.com/shop/casual/OM2UGBTZC364I2BQ27LATT7R,2026-07-07T13:56:06+00:00,
TRNI2AGX6TPISS6LXTUPUK5W,Cavello,https://www.mags-tack.com/shop/cavello/TRNI2AGX6TPISS6LXTUPUK5W,2026-07-07T13:56:49+00:00,
NY37ZZ7FJKR4SFMLEFVCQCHK,Close Contact,https://www.mags-tack.com/shop/close-contact/NY37ZZ7FJKR4SFMLEFVCQCHK,2026-07-07T13:03:03+00:00,
5KXFBXJHP4QDTHBBIOW3YILG,Coolers,https://www.mags-tack.com/shop/coolers/5KXFBXJHP4QDTHBBIOW3YILG,2026-07-07T13:03:03+00:00,
U4JWSFJKV5Z3MPMAT4TIO7WX,Crops/Bats,https://www.mags-tack.com/shop/cropsbats/U4JWSFJKV5Z3MPMAT4TIO7WX,2026-05-16T01:00:32+00:00,
LRR4LH3JFNJ3YCZ763F3EIFU,Dapplebay,https://www.mags-tack.com/shop/dapplebay/LRR4LH3JFNJ3YCZ763F3EIFU,2026-07-07T13:56:49+00:00,
EPZPDBQRGQA4CBYNWANJCCNH,Dressage,https://www.mags-tack.com/shop/dressage/EPZPDBQRGQA4CBYNWANJCCNH,2026-07-07T13:03:03+00:00,
PB7ZKXXADRXZZVG6NNVL2DNC,Dresses,https://www.mags-tack.com/shop/dresses/PB7ZKXXADRXZZVG6NNVL2DNC,2026-07-07T13:56:06+00:00,
F3U5OYS32IP65HL55X72HCCK,Drinkware,https://www.mags-tack.com/shop/drinkware/F3U5OYS32IP65HL55X72HCCK,2026-07-08T01:42:07+00:00,
UINDWL5Q45K3LKV3G562VI6Q,Ear Bonnets,https://www.mags-tack.com/shop/ear-bonnets/UINDWL5Q45K3LKV3G562VI6Q,2026-05-16T01:00:32+00:00,
XMEFXWXOH4LAEAM67JBSYUR3,Ear Bonnets,https://www.mags-tack.com/shop/ear-bonnets/XMEFXWXOH4LAEAM67JBSYUR3,2026-07-08T01:17:18+00:00,
ZU2OKFIBUXQ43UYS4VAZQD5K,Ear Plugs,https://www.mags-tack.com/shop/ear-plugs/ZU2OKFIBUXQ43UYS4VAZQD5K,2026-05-16T01:00:32+00:00,
6UQYALEI26NDACBAGM37OG3N,EIS,https://www.mags-tack.com/shop/eis/6UQYALEI26NDACBAGM37OG3N,2026-07-07T13:56:49+00:00,
MAAOAQUAHDY4V6NA2KYTF5X4,Equestro,https://www.mags-tack.com/shop/equestro/MAAOAQUAHDY4V6NA2KYTF5X4,2026-07-07T13:56:49+00:00,
FXQH6HKIQQB46J6V24GEHKNN,Equinavia,https://www.mags-tack.com/shop/equinavia/FXQH6HKIQQB46J6V24GEHKNN,2026-07-07T13:56:49+00:00,
W34OFT6AADXLPQG7DAAVI627,Equitheme,https://www.mags-tack.com/shop/equitheme/W34OFT6AADXLPQG7DAAVI627,2026-07-07T13:56:49+00:00,
MOKE2AUZ36OLGUENGDBDTDBG,Espoir,https://www.mags-tack.com/shop/espoir/MOKE2AUZ36OLGUENGDBDTDBG,2026-07-07T13:56:49+00:00,
XAVQR3HEBGZ2KTNOVG6AP6XE,Exercise Boots,https://www.mags-tack.com/shop/exercise-boots/XAVQR3HEBGZ2KTNOVG6AP6XE,2026-07-07T13:03:03+00:00,
YQ2SLRE6U7URFG7HBOY5HUYB,Exercise horse Boots,https://www.mags-tack.com/shop/exercise-horse-boots/YQ2SLRE6U7URFG7HBOY5HUYB,2026-05-16T01:00:32+00:00,
QHKZJ3S7QM2GQPISD76CIGSI,First Aid & Prevention,https://www.mags-tack.com/shop/first-aid-prevention/QHKZJ3S7QM2GQPISD76CIGSI,2026-07-07T13:03:03+00:00,
NA4NMOMWTHHYNKOAJ52YAKCI,Fleck,https://www.mags-tack.com/shop/fleck/NA4NMOMWTHHYNKOAJ52YAKCI,2026-07-07T13:56:49+00:00,
CFHCSBNDQC2BOC7A6JG6EULM,Fly Boots,https://www.mags-tack.com/shop/fly-boots/CFHCSBNDQC2BOC7A6JG6EULM,2026-07-07T13:03:03+00:00,
W3FTWY5VWDYAFQVGXZFSNEMG,Fly Masks,https://www.mags-tack.com/shop/fly-masks/W3FTWY5VWDYAFQVGXZFSNEMG,2026-07-07T13:03:03+00:00,
U4RZL7DS6IWREVKSBS7J72LW,Fly Protection,https://www.mags-tack.com/shop/fly-protection/U4RZL7DS6IWREVKSBS7J72LW,2026-07-08T01:16:33+00:00,
UFJ5VY6YFVVYBVJYMR3IZSCY,Fly Spray & Ointment,https://www.mags-tack.com/shop/fly-spray-ointment/UFJ5VY6YFVVYBVJYMR3IZSCY,2026-07-07T13:03:03+00:00,
LN2CF2YFWAMGJPUCBHPJS5JW,Footwear,https://www.mags-tack.com/shop/footwear/LN2CF2YFWAMGJPUCBHPJS5JW,2026-07-08T01:27:19+00:00,
2IAD6SD5I7I4WKRPMURT6ATW,Full Seat Breeches,https://www.mags-tack.com/shop/full-seat-breeches/2IAD6SD5I7I4WKRPMURT6ATW,2026-07-07T13:56:06+00:00,
PV6RRR6AFXW42O76ARVGIYAM,Full Seat Breeches,https://www.mags-tack.com/shop/full-seat-breeches/PV6RRR6AFXW42O76ARVGIYAM,2026-07-07T13:56:06+00:00,
MBSU45X5PKVDMH2MK2ANUHAR,Full Seat Breeches,https://www.mags-tack.com/shop/full-seat-breeches/MBSU45X5PKVDMH2MK2ANUHAR,2026-07-07T13:56:06+00:00,
E4MXHELRKWLOWCH5VNVIRMCI,Garment Bags,https://www.mags-tack.com/shop/garment-bags/E4MXHELRKWLOWCH5VNVIRMCI,2026-07-07T13:56:06+00:00,
SVFYUCV2QBT6R7TUN6S26J7H,General Purpose,https://www.mags-tack.com/shop/general-purpose/SVFYUCV2QBT6R7TUN6S26J7H,2026-07-07T13:03:03+00:00,
Y2QTYL7Y2SASXZNJI3WQ2Y4Q,Gifts,https://www.mags-tack.com/shop/gifts/Y2QTYL7Y2SASXZNJI3WQ2Y4Q,2026-07-08T01:39:49+00:00,
4CAPZIL5G4EXP7SFM5YKLQCY,Girths,https://www.mags-tack.com/shop/girths/4CAPZIL5G4EXP7SFM5YKLQCY,2026-07-07T13:03:03+00:00,
EHRKD75LP5R2MQ5WTWKNQVOB,Girths and Accessories,https://www.mags-tack.com/shop/girths-and-accessories/EHRKD75LP5R2MQ5WTWKNQVOB,2026-05-16T01:00:32+00:00,
ZM4RHRYAVOTTDKCQRYXBAK3T,"Girths and Accessories, Western",https://www.mags-tack.com/shop/girths-and-accessories-western/ZM4RHRYAVOTTDKCQRYXBAK3T,2026-05-16T01:00:32+00:00,
HS3JWIJNRWXGAXRO2DUO3F25,Gloves,https://www.mags-tack.com/shop/gloves/HS3JWIJNRWXGAXRO2DUO3F25,2026-05-30T03:52:36+00:00,
YUUPIKJUQVIJ5QAVQRVTTFDP,Gloves,https://www.mags-tack.com/shop/gloves/YUUPIKJUQVIJ5QAVQRVTTFDP,2026-07-08T01:24:14+00:00,
JJUQT7FQSMFJKZYT2UT6BMY3,Gloves,https://www.mags-tack.com/shop/gloves/JJUQT7FQSMFJKZYT2UT6BMY3,2026-07-07T13:56:06+00:00,
7S6DZPBYI6J3SOKNZKZSAR5R,Grooming,https://www.mags-tack.com/shop/grooming/7S6DZPBYI6J3SOKNZKZSAR5R,2026-07-08T01:18:40+00:00,
NKRDOUCA2TSBVXIN44HOVTFH,Grooming Bags,https://www.mags-tack.com/shop/grooming-bags/NKRDOUCA2TSBVXIN44HOVTFH,2026-07-07T13:56:06+00:00,
VJSBOJUWX5SQEZL2QOFIZBNB,Hair Nets & Bows,https://www.mags-tack.com/shop/hair-nets-bows/VJSBOJUWX5SQEZL2QOFIZBNB,2026-07-07T13:56:06+00:00,
A4RYS5XYEN77IMDUMMSCZQ2T,Half Chaps,https://www.mags-tack.com/shop/half-chaps/A4RYS5XYEN77IMDUMMSCZQ2T,2026-07-07T13:56:06+00:00,
YX3SJ2XV6GSRYR7EBKW4Y33X,Half Pad,https://www.mags-tack.com/shop/half-pad/YX3SJ2XV6GSRYR7EBKW4Y33X,2026-07-07T13:03:03+00:00,
MHUDSJKLOLDZZW3BXIZKRJEF,Halters,https://www.mags-tack.com/shop/halters/MHUDSJKLOLDZZW3BXIZKRJEF,2026-05-16T01:00:32+00:00,
CKSUDY3FY7VJWTVXUNOYTFQX,Halters,https://www.mags-tack.com/shop/halters/CKSUDY3FY7VJWTVXUNOYTFQX,2026-07-07T13:03:03+00:00,
XB5CQIN4PYU6YLCXCISAGGT6,Halters & Leads,https://www.mags-tack.com/shop/halters-leads/XB5CQIN4PYU6YLCXCISAGGT6,2026-05-16T01:00:32+00:00,
RHSDVRIQNLF5MSDY2UK2ZJRJ,Hat Silks,https://www.mags-tack.com/shop/hat-silks/RHSDVRIQNLF5MSDY2UK2ZJRJ,2026-07-07T13:56:06+00:00,
NA6PGZKIQRWNJUIENZ3REGIC,Hats,https://www.mags-tack.com/shop/hats/NA6PGZKIQRWNJUIENZ3REGIC,2026-07-07T13:56:06+00:00,
KQFYAER6VKGL3KNZR2TMMDQK,Health & Care,https://www.mags-tack.com/shop/health-care/KQFYAER6VKGL3KNZR2TMMDQK,2026-07-08T00:53:53+00:00,
3RMBLHYDOGF2UDW5YQQLHHRY,Helmets,https://www.mags-tack.com/shop/helmets/3RMBLHYDOGF2UDW5YQQLHHRY,2026-07-08T01:26:48+00:00,
HXUBINXFZXFNRC2POCIRMVWJ,Hobby Horse,https://www.mags-tack.com/shop/hobby-horse/HXUBINXFZXFNRC2POCIRMVWJ,2026-07-08T01:32:53+00:00,
U4LTITTE6TJQZWDBYCG3CZ6W,Hobby Horses,https://www.mags-tack.com/shop/hobby-horses/U4LTITTE6TJQZWDBYCG3CZ6W,2026-06-29T17:58:50+00:00,
PZMKUJH56D37HJ5OPLVULINB,Holiday,https://www.mags-tack.com/shop/holiday/PZMKUJH56D37HJ5OPLVULINB,2026-07-08T01:43:29+00:00,
XJ2DCFAQ2OWF3EWD5SIL5ZXB,Hoof boots,https://www.mags-tack.com/shop/hoof-boots/XJ2DCFAQ2OWF3EWD5SIL5ZXB,2026-05-16T01:00:32+00:00,
BX6WIMKABKERH3KQSEEFNS7L,Hoof boots,https://www.mags-tack.com/shop/hoof-boots/BX6WIMKABKERH3KQSEEFNS7L,2026-05-16T01:00:32+00:00,
F7L6WTHSL524UUFQNAH65IZY,Hoof Care,https://www.mags-tack.com/shop/hoof-care/F7L6WTHSL524UUFQNAH65IZY,2026-07-07T13:03:03+00:00,
H5JVHIGR3YDL6RVASIJ6O2O3,Hoof Care,https://www.mags-tack.com/shop/hoof-care/H5JVHIGR3YDL6RVASIJ6O2O3,2026-07-07T13:03:03+00:00,
CKB5G5WTXGVCSKAI2MKM342N,Horse,https://www.mags-tack.com/shop/horse/CKB5G5WTXGVCSKAI2MKM342N,2026-07-07T17:29:50+00:00,
5ANB5HV6CE5CV64U4VDS3U6M,Horse Boots & Wraps,https://www.mags-tack.com/shop/horse-boots-wraps/5ANB5HV6CE5CV64U4VDS3U6M,2026-07-07T13:00:03+00:00,
XAKOV372K24JX3IJL23WUAZH,Horse Boots and Wraps,https://www.mags-tack.com/shop/horse-boots-and-wraps/XAKOV372K24JX3IJL23WUAZH,2026-05-16T01:00:32+00:00,
JQDBGTX4ZSIMOCE7JTECOVAP,Horse Boots and Wraps,https://www.mags-tack.com/shop/horse-boots-and-wraps/JQDBGTX4ZSIMOCE7JTECOVAP,2026-05-16T01:00:32+00:00,
O6T4WZWKADHWUPBE5WMT4UM3,"Horse Boots and Wraps, Tack",https://www.mags-tack.com/shop/horse-boots-and-wraps-tack/O6T4WZWKADHWUPBE5WMT4UM3,2026-05-16T01:00:32+00:00,
SOLPXN5TWJQC3MMGJ6D5G4OC,HWI,https://www.mags-tack.com/shop/hwi/SOLPXN5TWJQC3MMGJ6D5G4OC,2026-07-07T13:56:49+00:00,
67DVEOZYB6XJBSKRLYJ2SRD5,Ice & Therapy,https://www.mags-tack.com/shop/ice-therapy/67DVEOZYB6XJBSKRLYJ2SRD5,2026-07-07T13:03:03+00:00,
7DQQE3Z4GWF7XDG5Y4KT5J44,Jodhpur Straps,https://www.mags-tack.com/shop/jodhpur-straps/7DQQE3Z4GWF7XDG5Y4KT5J44,2026-05-25T02:44:14+00:00,
G7VFBHT53S6VWY6C2VKJBGW2,Jods,https://www.mags-tack.com/shop/jods/G7VFBHT53S6VWY6C2VKJBGW2,2026-07-07T13:56:06+00:00,
EK637HZAHIV6AJB2MKDCMNY4,Jumper,https://www.mags-tack.com/shop/jumper/EK637HZAHIV6AJB2MKDCMNY4,2026-07-07T13:03:03+00:00,
Z2WRED5LK3XAEMDPUKIQ54XD,Katherine Lily,https://www.mags-tack.com/shop/katherine-lily/Z2WRED5LK3XAEMDPUKIQ54XD,2026-07-07T13:56:49+00:00,
NGXAZTJORUJPPZDUG3OCKYO6,Kid's,https://www.mags-tack.com/shop/kids/NGXAZTJORUJPPZDUG3OCKYO6,2026-05-18T21:46:42+00:00,
KCJ36ISBOO5WKPDPYNTCKCRA,Kid's Breeches,https://www.mags-tack.com/shop/kids-breeches/KCJ36ISBOO5WKPDPYNTCKCRA,2026-05-25T02:18:14+00:00,
Y6YBTZXJL6M2LA7EWLA4U4A4,Kid's Full Seat Breeches,https://www.mags-tack.com/shop/kids-full-seat-breeches/Y6YBTZXJL6M2LA7EWLA4U4A4,2026-05-25T02:32:24+00:00,
EDA43UIAQTT3XDGNFFY67H54,Kid's Jodhpurs,https://www.mags-tack.com/shop/kids-jodhpurs/EDA43UIAQTT3XDGNFFY67H54,2026-05-25T02:14:10+00:00,
5X5JZVDXTG5JKQYC2IIDNAT7,Kid's Knee Patch Breeches,https://www.mags-tack.com/shop/kids-knee-patch-breeches/5X5JZVDXTG5JKQYC2IIDNAT7,2026-05-25T02:15:26+00:00,
YA5WBRFN6XT3SXTL7IW7EVLP,Kid's Outerwear and Vests,https://www.mags-tack.com/shop/kids-outerwear-and-vests/YA5WBRFN6XT3SXTL7IW7EVLP,2026-05-22T07:23:31+00:00,
MD5QJPHWF2MBW6QKK4JKAAJL,Kid's Polo Shirts,https://www.mags-tack.com/shop/kids-polo-shirts/MD5QJPHWF2MBW6QKK4JKAAJL,2026-05-22T07:52:34+00:00,
CAUEHBSF3L33JHPQC5PHDTJZ,Kid's Pull Ons,https://www.mags-tack.com/shop/kids-pull-ons/CAUEHBSF3L33JHPQC5PHDTJZ,2026-05-22T06:08:32+00:00,
4UA2FV6CTIYIIY4GVTIKH7JW,Kid's Riding shirts,https://www.mags-tack.com/shop/kids-riding-shirts/4UA2FV6CTIYIIY4GVTIKH7JW,2026-05-25T22:32:25+00:00,
YKO3KSRB6GOPCG6QKYGJG7SB,Kid's Riding Tights,https://www.mags-tack.com/shop/kids-riding-tights/YKO3KSRB6GOPCG6QKYGJG7SB,2026-05-25T01:55:54+00:00,
Q2ZJ632F4OM6UOVV7FDUZKGE,Kid's Shirts,https://www.mags-tack.com/shop/kids-shirts/Q2ZJ632F4OM6UOVV7FDUZKGE,2026-05-26T00:38:30+00:00,
JYNV5CDLESKHSBOQSUUPQKTS,Kid's Show Jackets,https://www.mags-tack.com/shop/kids-show-jackets/JYNV5CDLESKHSBOQSUUPQKTS,2026-05-22T07:04:38+00:00,
C45LA4PJ3EWGDLRRPJOIK4IF,Kid's Show Shirts,https://www.mags-tack.com/shop/kids-show-shirts/C45LA4PJ3EWGDLRRPJOIK4IF,2026-05-25T22:41:22+00:00,
JCAEDBVBGOALFYSOVI2UJKOF,Kid's Sun Shirts,https://www.mags-tack.com/shop/kids-sun-shirts/JCAEDBVBGOALFYSOVI2UJKOF,2026-05-25T22:47:03+00:00,
CDURYSTXELRI5KG2T4U2GPJF,Kids,https://www.mags-tack.com/shop/kids/CDURYSTXELRI5KG2T4U2GPJF,2026-07-08T01:27:59+00:00,
CKVTY2SRKUTGTS4JYLARIMX7,Kids T-Shirts,https://www.mags-tack.com/shop/kids-t-shirts/CKVTY2SRKUTGTS4JYLARIMX7,2026-05-22T07:41:29+00:00,
6G3FNDT3LXGJZPK2YSSRKXF2,KL Select,https://www.mags-tack.com/shop/kl-select/6G3FNDT3LXGJZPK2YSSRKXF2,2026-07-07T13:56:49+00:00,
LRZCICSALM2Q2PWQHAUFSMTJ,Knee Patch Breeches,https://www.mags-tack.com/shop/knee-patch-breeches/LRZCICSALM2Q2PWQHAUFSMTJ,2026-07-07T13:56:06+00:00,
3RP55W4MXL4EZKB3EKKRXSCX,Knee Patch Breeches,https://www.mags-tack.com/shop/knee-patch-breeches/3RP55W4MXL4EZKB3EKKRXSCX,2026-07-07T13:56:06+00:00,
6G3FPIZS7DALQKLMNU7LLLWV,Knee Patch Breeches,https://www.mags-tack.com/shop/knee-patch-breeches/6G3FPIZS7DALQKLMNU7LLLWV,2026-07-07T13:56:06+00:00,
VIMMWWLMKOWBZCETUKFVIVHE,Kunkle,https://www.mags-tack.com/shop/kunkle/VIMMWWLMKOWBZCETUKFVIVHE,2026-07-07T13:56:49+00:00,
JPROLCYNUEBOH5KFYD5EBYZG,LAEQ,https://www.mags-tack.com/shop/laeq/JPROLCYNUEBOH5KFYD5EBYZG,2026-07-07T13:56:49+00:00,
XS7NW5WC7UO67GMSBAISBZXA,Lead ropes,https://www.mags-tack.com/shop/lead-ropes/XS7NW5WC7UO67GMSBAISBZXA,2026-05-16T01:00:32+00:00,
MVZFMEQFK2DKTJFRUWECMTDO,Lead Ropes,https://www.mags-tack.com/shop/lead-ropes/MVZFMEQFK2DKTJFRUWECMTDO,2026-07-07T13:03:03+00:00,
OBBT4EB3FFITW37XPIJN7XPP,Leather Care,https://www.mags-tack.com/shop/leather-care/OBBT4EB3FFITW37XPIJN7XPP,2026-07-07T13:03:03+00:00,
DDIXKTDBILZCJ6PILBQT46WF,LeMieux,https://www.mags-tack.com/shop/lemieux/DDIXKTDBILZCJ6PILBQT46WF,2026-07-07T13:56:49+00:00,
FPW3MH2736YEN5C7M5XTBPWW,Liniment & Poultice,https://www.mags-tack.com/shop/liniment-poultice/FPW3MH2736YEN5C7M5XTBPWW,2026-07-07T13:03:03+00:00,
JEAJ3LZIJG74ERB7J52UQNZ3,Lunging Equipment,https://www.mags-tack.com/shop/lunging-equipment/JEAJ3LZIJG74ERB7J52UQNZ3,2026-05-16T01:00:32+00:00,
KWIJZDAIUSHIA3YB3F6KBJCP,"Lunging Equipment, Tack",https://www.mags-tack.com/shop/lunging-equipment-tack/KWIJZDAIUSHIA3YB3F6KBJCP,2026-05-16T01:00:32+00:00,
6GUTQCLMLDFFZASQ5FPV7XH3,Majyk,https://www.mags-tack.com/shop/majyk/6GUTQCLMLDFFZASQ5FPV7XH3,2026-07-07T13:56:49+00:00,
VD36N4ZN7N6SYEVZJUMUFIR6,Martingales,https://www.mags-tack.com/shop/martingales/VD36N4ZN7N6SYEVZJUMUFIR6,2026-05-16T01:00:32+00:00,
S27ZCUC22OHBF562ZILGS2SG,Martingales & Breastplates,https://www.mags-tack.com/shop/martingales-breastplates/S27ZCUC22OHBF562ZILGS2SG,2026-07-07T13:03:03+00:00,
RU5CQMNRYKLQUMGUPNMPVQS7,Men's,https://www.mags-tack.com/shop/mens/RU5CQMNRYKLQUMGUPNMPVQS7,2026-05-18T21:32:30+00:00,
4WVTFU6VVALMEFSWL6VCRYLK,Men’s,https://www.mags-tack.com/shop/mens/4WVTFU6VVALMEFSWL6VCRYLK,2026-07-08T01:26:11+00:00,
T5CFMVOC4P7MART5E7FKQ6KH,Men's Full Seat Breeches,https://www.mags-tack.com/shop/mens-full-seat-breeches/T5CFMVOC4P7MART5E7FKQ6KH,2026-03-21T01:18:48+00:00,
53KF7RG54NRL6S7OM44AREFJ,Men's Knee Patch Breeches,https://www.mags-tack.com/shop/mens-knee-patch-breeches/53KF7RG54NRL6S7OM44AREFJ,2026-03-21T01:19:51+00:00,
MMH6GFRYWJFXZAD6AMGI47UU,Men's Outerwear and Vests,https://www.mags-tack.com/shop/mens-outerwear-and-vests/MMH6GFRYWJFXZAD6AMGI47UU,2026-04-29T20:25:49+00:00,
45AUNSVMFW2NDUGIFZMXNNSJ,Men's Polo Shirts,https://www.mags-tack.com/shop/mens-polo-shirts/45AUNSVMFW2NDUGIFZMXNNSJ,2026-03-21T01:08:32+00:00,
S6AY432LC5EP2XD76KL6EAS2,Men's Riding Shirts,https://www.mags-tack.com/shop/mens-riding-shirts/S6AY432LC5EP2XD76KL6EAS2,2026-03-21T01:15:45+00:00,
VN3S6MNPGZVF6VDQYGUUOV3I,Men's Shirts,https://www.mags-tack.com/shop/mens-shirts/VN3S6MNPGZVF6VDQYGUUOV3I,2026-03-21T01:04:46+00:00,
JP4XIXQNCW4325J3F5K62KZQ,Men's Show Jackets,https://www.mags-tack.com/shop/mens-show-jackets/JP4XIXQNCW4325J3F5K62KZQ,2026-04-07T22:11:51+00:00,
2U4UOEOJ53CDF3YY6TGHCYPD,Men’s Show Shirts,https://www.mags-tack.com/shop/mens-show-shirts/2U4UOEOJ53CDF3YY6TGHCYPD,2026-03-21T01:07:11+00:00,
6ENAPTSI4TMWBP5QCEVQSQP2,Men's Sun Shirts,https://www.mags-tack.com/shop/mens-sun-shirts/6ENAPTSI4TMWBP5QCEVQSQP2,2026-03-21T01:12:02+00:00,
UWVDR3DJQSDHVAXJZ2Q55KNX,Men's Sweaters,https://www.mags-tack.com/shop/mens-sweaters/UWVDR3DJQSDHVAXJZ2Q55KNX,2026-03-21T01:00:00+00:00,
P3ONARZUAQWH3DVSH35X3TL6,Misc Tack,https://www.mags-tack.com/shop/misc-tack/P3ONARZUAQWH3DVSH35X3TL6,2026-07-07T13:03:03+00:00,
YS4BNR4UQ6YAHCJWXKRYLJV6,Misc Tack Supplies,https://www.mags-tack.com/shop/misc-tack-supplies/YS4BNR4UQ6YAHCJWXKRYLJV6,2026-05-16T01:00:32+00:00,
KQH7EA34FBHV3Y3K7PKZEPBR,Numbers & Pinnies,https://www.mags-tack.com/shop/numbers-pinnies/KQH7EA34FBHV3Y3K7PKZEPBR,2026-07-07T13:56:06+00:00,
2AW3CPER3S54YIHZPBS4AHAP,Outerwear,https://www.mags-tack.com/shop/outerwear/2AW3CPER3S54YIHZPBS4AHAP,2026-07-07T13:56:06+00:00,
GEKPWLU3I6QLYMJHMNBYSHT2,Outerwear,https://www.mags-tack.com/shop/outerwear/GEKPWLU3I6QLYMJHMNBYSHT2,2026-07-07T13:56:06+00:00,
M6JEKLGXHVK6HHACPY6NDFTM,Outerwear,https://www.mags-tack.com/shop/outerwear/M6JEKLGXHVK6HHACPY6NDFTM,2026-07-07T13:56:06+00:00,
3PJXHLCZ2KZ4HKDER7Z6OENQ,Pajamas,https://www.mags-tack.com/shop/pajamas/3PJXHLCZ2KZ4HKDER7Z6OENQ,2026-07-07T13:56:06+00:00,
T6XALDGEDTLMLEGPBQSQMWT5,Pajamas,https://www.mags-tack.com/shop/pajamas/T6XALDGEDTLMLEGPBQSQMWT5,2026-07-07T13:56:06+00:00,
I5JU7LP7MII3KRPOEHJVES3U,Polo Wraps,https://www.mags-tack.com/shop/polo-wraps/I5JU7LP7MII3KRPOEHJVES3U,2026-05-16T01:00:32+00:00,
Y7LKMALF2Z4WAYT7NRH6CTMU,Polo Wraps,https://www.mags-tack.com/shop/polo-wraps/Y7LKMALF2Z4WAYT7NRH6CTMU,2026-07-07T13:03:03+00:00,
3NW24H75EJAAJ5GLN566CAEZ,Polos,https://www.mags-tack.com/shop/polos/3NW24H75EJAAJ5GLN566CAEZ,2026-07-07T13:56:06+00:00,
D6RALXWO7LPHAKTUBHP3RGL4,Pony Bags,https://www.mags-tack.com/shop/pony-bags/D6RALXWO7LPHAKTUBHP3RGL4,2026-07-08T01:36:45+00:00,
6MYBEQBWXUX47DQ7MAGCQZSY,Reins,https://www.mags-tack.com/shop/reins/6MYBEQBWXUX47DQ7MAGCQZSY,2026-07-07T13:03:03+00:00,
OKGAFDHMQWPAW33MATW4IRYF,Reins and accesories,https://www.mags-tack.com/shop/reins-and-accesories/OKGAFDHMQWPAW33MATW4IRYF,2026-05-16T01:00:32+00:00,
22TDL23QL7643SXG642ORSKF,"Reins and accesories, Western",https://www.mags-tack.com/shop/reins-and-accesories-western/22TDL23QL7643SXG642ORSKF,2026-05-16T01:00:32+00:00,
YUVSU43DQA55QCPCFVPSWILB,Rider,https://www.mags-tack.com/shop/rider/YUVSU43DQA55QCPCFVPSWILB,2026-07-08T01:21:04+00:00,
DCWEJP3A2QEQLOGT2AI5HX5F,Riding Shirts,https://www.mags-tack.com/shop/riding-shirts/DCWEJP3A2QEQLOGT2AI5HX5F,2026-07-07T13:56:06+00:00,
NFE6DGDPJOLTTKCG2Q2VFKL3,Riding Shirts,https://www.mags-tack.com/shop/riding-shirts/NFE6DGDPJOLTTKCG2Q2VFKL3,2026-07-07T13:56:06+00:00,
ZSHJKFJ6VNVGDTEPTDFRRAFO,Riding Shirts,https://www.mags-tack.com/shop/riding-shirts/ZSHJKFJ6VNVGDTEPTDFRRAFO,2026-07-07T13:56:06+00:00,
5AHNRVLCRE3I2WFPRBG3TLND,RJ Classics,https://www.mags-tack.com/shop/rj-classics/5AHNRVLCRE3I2WFPRBG3TLND,2026-07-07T13:56:49+00:00,
22RUSLZTGD4PIINKSCCWMGYN,Saddle,https://www.mags-tack.com/shop/saddle/22RUSLZTGD4PIINKSCCWMGYN,2026-05-16T01:00:32+00:00,
WEQK6B2E7IDVUY6REXM2LSSY,Saddle Covers,https://www.mags-tack.com/shop/saddle-covers/WEQK6B2E7IDVUY6REXM2LSSY,2026-05-16T01:00:32+00:00,
OOHHBBX3BGGBTVHVQH33ZSBB,Saddle Covers,https://www.mags-tack.com/shop/saddle-covers/OOHHBBX3BGGBTVHVQH33ZSBB,2026-07-07T13:03:03+00:00,
MOSA7PXNK5UFUF4HT5OP32FC,Saddle Pads,https://www.mags-tack.com/shop/saddle-pads/MOSA7PXNK5UFUF4HT5OP32FC,2026-05-16T01:00:32+00:00,
7EXK66N6ENJVFZVEPERPZGLE,Saddle Pads,https://www.mags-tack.com/shop/saddle-pads/7EXK66N6ENJVFZVEPERPZGLE,2026-07-08T01:20:09+00:00,
2X7XSM5KZ3S4BSQ5CZRR7EFI,Safety,https://www.mags-tack.com/shop/safety/2X7XSM5KZ3S4BSQ5CZRR7EFI,2026-07-07T13:56:06+00:00,
JXYFSBQ6JXG2NDGTHFSNMWM6,Shampoo & Conditioner,https://www.mags-tack.com/shop/shampoo-conditioner/JXYFSBQ6JXG2NDGTHFSNMWM6,2026-07-07T13:03:03+00:00,
NDR6HMGEWZZ55KEXGFOVJYSU,Shine & Detangler,https://www.mags-tack.com/shop/shine-detangler/NDR6HMGEWZZ55KEXGFOVJYSU,2026-07-07T13:03:03+00:00,
6JWC6URPBJ63AXQT72YPJMNL,Shires,https://www.mags-tack.com/shop/shires/6JWC6URPBJ63AXQT72YPJMNL,2026-07-07T13:56:49+00:00,
CVU3XYX4T7QJ435KSIRR66P6,Show Essentials,https://www.mags-tack.com/shop/show-essentials/CVU3XYX4T7QJ435KSIRR66P6,2026-07-08T01:44:05+00:00,
32BPCDGBD7SSUTJZ7XU5ZFQ5,Show Jackets,https://www.mags-tack.com/shop/show-jackets/32BPCDGBD7SSUTJZ7XU5ZFQ5,2026-07-07T13:56:06+00:00,
FW7X7GL6Q345S2SRZEIZWBHD,Show Jackets,https://www.mags-tack.com/shop/show-jackets/FW7X7GL6Q345S2SRZEIZWBHD,2026-07-07T13:56:06+00:00,
7K46N5G377IHN4BVR7EWPVPJ,Show Jackets,https://www.mags-tack.com/shop/show-jackets/7K46N5G377IHN4BVR7EWPVPJ,2026-07-07T13:56:06+00:00,
NORUZ43TJQRMPK3OWDTUSFF7,Show Shirts,https://www.mags-tack.com/shop/show-shirts/NORUZ43TJQRMPK3OWDTUSFF7,2026-07-07T13:56:06+00:00,
G3FY4ICWVCRIXW3RWPAO63BZ,Show Shirts,https://www.mags-tack.com/shop/show-shirts/G3FY4ICWVCRIXW3RWPAO63BZ,2026-07-07T13:56:06+00:00,
AIXPB3HQ7FR57A5FZ2MS5VSZ,Show Shirts,https://www.mags-tack.com/shop/show-shirts/AIXPB3HQ7FR57A5FZ2MS5VSZ,2026-07-07T13:56:06+00:00,
NBET64MR5XE645QRYSMH6UWK,Socks,https://www.mags-tack.com/shop/socks/NBET64MR5XE645QRYSMH6UWK,2026-07-07T13:56:06+00:00,
OO7KTNNI5SQDSWTXXQTLABR5,Spur Straps,https://www.mags-tack.com/shop/spur-straps/OO7KTNNI5SQDSWTXXQTLABR5,2026-05-16T01:00:32+00:00,
ME5RIE3XRW2KOTK262LH5UGU,"Spur Straps, Western",https://www.mags-tack.com/shop/spur-straps-western/ME5RIE3XRW2KOTK262LH5UGU,2026-05-16T01:00:32+00:00,
V43DLO543AG2O3JEX4IWIDUU,Spurs,https://www.mags-tack.com/shop/spurs/V43DLO543AG2O3JEX4IWIDUU,2026-05-16T01:00:32+00:00,
IKZ45R4BUIAO5CYFWN7Z2ZRS,Spurs,https://www.mags-tack.com/shop/spurs/IKZ45R4BUIAO5CYFWN7Z2ZRS,2026-07-07T13:03:03+00:00,
WKWRKY5QQWGVCQVK22HDEANJ,Stable & Barn,https://www.mags-tack.com/shop/stable-barn/WKWRKY5QQWGVCQVK22HDEANJ,2026-07-08T01:17:56+00:00,
MBBYT5TTPOZB6JSQ4DI36AQC,Stable & Shipping,https://www.mags-tack.com/shop/stable-shipping/MBBYT5TTPOZB6JSQ4DI36AQC,2026-07-07T13:03:03+00:00,
OFR3XEWUMXLSIOUVTSSCQRXB,Stable and Shipping Wraps/Boots,https://www.mags-tack.com/shop/stable-and-shipping-wrapsboots/OFR3XEWUMXLSIOUVTSSCQRXB,2026-05-16T01:00:32+00:00,
NSV6MCHSEKBD4BUOK22YR6UC,Stationery,https://www.mags-tack.com/shop/stationery/NSV6MCHSEKBD4BUOK22YR6UC,2026-07-08T01:41:42+00:00,
6SNNE276PLEN2K5LDZSFLSOH,Stickers,https://www.mags-tack.com/shop/stickers/6SNNE276PLEN2K5LDZSFLSOH,2026-07-08T01:42:35+00:00,
3P56HL22SQT5KABVL7KJWRDT,Stirrups,https://www.mags-tack.com/shop/stirrups/3P56HL22SQT5KABVL7KJWRDT,2026-06-25T06:09:48+00:00,
BGBOFGLMUD2UT5KVKOWSAJLF,Stirrups & Accessories,https://www.mags-tack.com/shop/stirrups-accessories/BGBOFGLMUD2UT5KVKOWSAJLF,2026-05-16T01:00:32+00:00,
5CDXDF2YJF5VC7SMDVGHT24Z,Stirrups & Leathers,https://www.mags-tack.com/shop/stirrups-leathers/5CDXDF2YJF5VC7SMDVGHT24Z,2026-07-07T13:03:03+00:00,
TLMJ7IUU7VL57Y3DUU52DSKR,Stock Ties & Pins,https://www.mags-tack.com/shop/stock-ties-pins/TLMJ7IUU7VL57Y3DUU52DSKR,2026-07-07T13:56:06+00:00,
5FRR4VOCD74FD5FGIVOG3HGS,Studs and tools,https://www.mags-tack.com/shop/studs-and-tools/5FRR4VOCD74FD5FGIVOG3HGS,2026-05-16T01:00:32+00:00,
ATL5ROFM5SJO3VWILO3XSNQE,Stuffed Animals,https://www.mags-tack.com/shop/stuffed-animals/ATL5ROFM5SJO3VWILO3XSNQE,2026-06-29T17:58:50+00:00,
7RFCS76LFF5EHC37K5ELLMXA,Sun Shirt Sleeveless,https://www.mags-tack.com/shop/sun-shirt-sleeveless/7RFCS76LFF5EHC37K5ELLMXA,2026-05-08T23:04:42+00:00,
PXNAN3N6ZRSB3OGSL7OKR32Q,Supplements,https://www.mags-tack.com/shop/supplements/PXNAN3N6ZRSB3OGSL7OKR32Q,2026-07-07T13:03:03+00:00,
BQZEJQYAWSTYPZT35BGLRZ5Y,T-Shirts,https://www.mags-tack.com/shop/t-shirts/BQZEJQYAWSTYPZT35BGLRZ5Y,2026-07-07T13:56:06+00:00,
NFISXSDUUVWZ7624IV6IPOHT,Tack,https://www.mags-tack.com/shop/tack/NFISXSDUUVWZ7624IV6IPOHT,2026-05-16T01:00:32+00:00,
5OAQQOKZXF365KMUXVUUXMDG,Tack,https://www.mags-tack.com/shop/tack/5OAQQOKZXF365KMUXVUUXMDG,2026-07-08T01:14:57+00:00,
TSGXFUIEBQWWBG47REMD3X45,Tights,https://www.mags-tack.com/shop/tights/TSGXFUIEBQWWBG47REMD3X45,2026-07-07T13:56:06+00:00,
QBPSMHCXSIWSW547TA52UHEN,Tights,https://www.mags-tack.com/shop/tights/QBPSMHCXSIWSW547TA52UHEN,2026-07-07T13:56:06+00:00,
NLJW6CS6J5FCDEMWNHJA3KIZ,Tiny Pony,https://www.mags-tack.com/shop/tiny-pony/NLJW6CS6J5FCDEMWNHJA3KIZ,2026-07-08T01:35:24+00:00,
W2DJCOYO2RVUV2QNTSWS3BZ6,Toy Ponies & Figures,https://www.mags-tack.com/shop/toy-ponies-figures/W2DJCOYO2RVUV2QNTSWS3BZ6,2026-06-29T17:58:50+00:00,
VIXAM4U5URXTY2WSHLMIB4TE,Toy Pony,https://www.mags-tack.com/shop/toy-pony/VIXAM4U5URXTY2WSHLMIB4TE,2026-07-08T01:33:11+00:00,
COJSXXILFGMJONWFXPSAI574,Toy Puppy,https://www.mags-tack.com/shop/toy-puppy/COJSXXILFGMJONWFXPSAI574,2026-07-08T01:36:04+00:00,
ZY37QNO5ALB5BQZO56UVVTEN,Toy Rider,https://www.mags-tack.com/shop/toy-rider/ZY37QNO5ALB5BQZO56UVVTEN,2026-06-29T17:58:50+00:00,
JE2TFYOFAQPNF3QZUSDI6OE2,Toy Riders,https://www.mags-tack.com/shop/toy-riders/JE2TFYOFAQPNF3QZUSDI6OE2,2026-07-08T01:34:17+00:00,
WKZ535SDU4MS4PLXE6E544IK,Toys,https://www.mags-tack.com/shop/toys/WKZ535SDU4MS4PLXE6E544IK,2026-07-08T01:33:49+00:00,
WLPM6QREK5MYIDENU7OU3M23,Training & Lunging,https://www.mags-tack.com/shop/training-lunging/WLPM6QREK5MYIDENU7OU3M23,2026-07-07T13:03:03+00:00,
K6BIUKUZZVYJTXY3XHFB6OOT,Training Tack,https://www.mags-tack.com/shop/training-tack/K6BIUKUZZVYJTXY3XHFB6OOT,2026-05-16T01:00:32+00:00,
SPOBI6E2KG6SY7OTQVLUFWV4,Treats,https://www.mags-tack.com/shop/treats/SPOBI6E2KG6SY7OTQVLUFWV4,2026-07-07T13:03:03+00:00,
7NXWB5YWLWXIRZRYMW5YZELL,Turnout,https://www.mags-tack.com/shop/turnout/7NXWB5YWLWXIRZRYMW5YZELL,2026-07-07T13:03:03+00:00,
MBUBULH2FELIT63QGREPH64N,Underwear,https://www.mags-tack.com/shop/underwear/MBUBULH2FELIT63QGREPH64N,2026-07-07T13:56:06+00:00,
GW36JF7FQYGEWSI2XJFV4MJN,Walsh,https://www.mags-tack.com/shop/walsh/GW36JF7FQYGEWSI2XJFV4MJN,2026-07-07T13:56:49+00:00,
2BONYFLIJKMM67DXOSE3VBDA,Western,https://www.mags-tack.com/shop/western/2BONYFLIJKMM67DXOSE3VBDA,2026-07-07T13:03:03+00:00,
3MX7QGSDDTH7AQHC4RPSFHF2,Whips,https://www.mags-tack.com/shop/whips/3MX7QGSDDTH7AQHC4RPSFHF2,2026-05-16T01:00:32+00:00,
J4UI3CK2JB2EES5COVMXK53I,Whips,https://www.mags-tack.com/shop/whips/J4UI3CK2JB2EES5COVMXK53I,2026-05-16T01:00:32+00:00,
RZEHGENGVVTDKRGLDVGTX4JO,Whips & Crops,https://www.mags-tack.com/shop/whips-crops/RZEHGENGVVTDKRGLDVGTX4JO,2026-07-07T13:03:03+00:00,
BXAVWJI3D75SJZY5LEZUX4A4,Women's,https://www.mags-tack.com/shop/womens/BXAVWJI3D75SJZY5LEZUX4A4,2026-05-18T21:32:15+00:00,
DFMGNQQB6ZDLPQLA5EBFN45W,Women’s,https://www.mags-tack.com/shop/womens/DFMGNQQB6ZDLPQLA5EBFN45W,2026-07-08T01:25:39+00:00,
MW53D5J7N2LW4HGIDWSQ6KCA,Women's Breeches,https://www.mags-tack.com/shop/womens-breeches/MW53D5J7N2LW4HGIDWSQ6KCA,2026-05-22T04:59:07+00:00,
OEJ6KAQEX663ECXHBZOEEINX,Women's Dresses,https://www.mags-tack.com/shop/womens-dresses/OEJ6KAQEX663ECXHBZOEEINX,2026-05-28T00:40:39+00:00,
E4ZGNMKBQUCK7T5MSQYXCT5Y,Women's Full Seat Breeches,https://www.mags-tack.com/shop/womens-full-seat-breeches/E4ZGNMKBQUCK7T5MSQYXCT5Y,2026-05-22T05:08:09+00:00,
W7MAKDLNGT62IYQMX3VNYDIL,Women's Knee Patch Breeches,https://www.mags-tack.com/shop/womens-knee-patch-breeches/W7MAKDLNGT62IYQMX3VNYDIL,2026-05-22T05:04:26+00:00,
LWDQCZ6IZ4V4AVSK7XRW5MPV,Women's Outerwear,https://www.mags-tack.com/shop/womens-outerwear/LWDQCZ6IZ4V4AVSK7XRW5MPV,2026-05-28T18:06:17+00:00,
7LXQTON7KP66XF4QK4YUHFMD,Women's Polos,https://www.mags-tack.com/shop/womens-polos/7LXQTON7KP66XF4QK4YUHFMD,2026-05-28T18:01:35+00:00,
X6JVVXSLC6SH4FAULVWLNIIU,Women's Riding and Functional Shirts,https://www.mags-tack.com/shop/womens-riding-and-functional-shirts/X6JVVXSLC6SH4FAULVWLNIIU,2026-05-21T23:05:37+00:00,
XCEENDMHN4KBGGKWRDUYMHYB,Women's Shirts,https://www.mags-tack.com/shop/womens-shirts/XCEENDMHN4KBGGKWRDUYMHYB,2026-05-22T04:54:54+00:00,
Z4L2KRSG4DOE5TIRBZ7ZFDKO,Women's Show Jackets,https://www.mags-tack.com/shop/womens-show-jackets/Z4L2KRSG4DOE5TIRBZ7ZFDKO,2026-05-27T01:25:25+00:00,
BVIJQSCQR4F4LRMP3GBM22YS,Women's Show Shirts,https://www.mags-tack.com/shop/womens-show-shirts/BVIJQSCQR4F4LRMP3GBM22YS,2026-05-26T23:30:06+00:00,
5IRDHLAPFD74WOX6W3BYWMZR,Women's Sunshirts,https://www.mags-tack.com/shop/womens-sunshirts/5IRDHLAPFD74WOX6W3BYWMZR,2026-05-09T00:04:51+00:00,
NNQT5ASC7JBOY4TIUBSRIJL4,Women's T-shirts,https://www.mags-tack.com/shop/womens-t-shirts/NNQT5ASC7JBOY4TIUBSRIJL4,2026-05-27T00:38:09+00:00,
